Abide With Us, Our Savior;1
According To Thy Gracious Word;1
Alleluia, Sing To Jesus;1
All Glory Be To God;1
All Glory, Laud and Honor;1
All People That On Earth Do Dwell;1
All Ye Weary;1
Almighty God, Your Word Is Cast;1
Amazing Grace;1
Angels From The Realms Of Glory;1
Angels We have Heard On High;1
Around The Throne A Glorious Band;1
As The Dewy Shades Of Even;1
As With Gladness;1
At The Lamb High Feast We Sing;1
At The Name Of Jesus;1
Author Of Creation's Stody;1
Ave Maria! Thou Virgin And Mother;1
Ave Verum Corpus;1
Away In A Manger;1
Beautiful Saviour, Mightiest In Mercy;1
Behold! The Mountain Of The Lord;1
Be Joyful, Mary, Heavenly Queen;1
Be Known To Us In Breaking Bread;1
Be Known To Us In Breaking Bread;1
Beneath The Cross Of Jesus;1
Be Thou My Vision;1
Blest Guardian Of All Virgin Souls;1
Bread Of The World;1
Break Forth, O Beauteous Heavenly Light;1
Breathe On Me, Breath Of God;1
Bright Torches In The Darkest Night;1
Bring Flowers Of The Rarest;1
Christ Be Near At Either Hand;1
Christ Be Sure Our Foundation;1
Christ Is Made Sure Our Foundation;1
Christ Is Our Hope Whom We Have Seen;1
Christ My God, My Faith Discerning;1
Christ The Fair Glory;1
Christ The Lord Is Risen Today;1
Come, Holy Ghost, Creator Blest;1
Come, Holy Ghost;1
Come Holy Ghost, Who Ever One;1
Come Thou Holy Spirit;1
Come, Thou Long-expected Jesus;1
Crown Him With Many Crowns;1
Dear Lord, And Father;1
Down In Adoration Falling;1
Draw Near And Take The Body Of Your Lord;1
Drop, Drop, Slow Tears;1
Earth Has Many A Noble City;1
Faith Of Our Fathers;1
Father, Within Your House Today;1
Father, Within Your House Today;1
Firmly I believe And Truly;1
Firmly I believe And Truly;1
For All The Saints;1
For The Beauty Of The Earth;1
Forty Days And Forty Nights;1
Glorious Mother;1
Glory Be To Jesus;1
Godhead Here In Hiding;1
God Of Mercy, God Of Grace;1
Gracious Spirit;1
Hail, Holy Queen, Enthrowned Above;1
Hail, Queen Of Heaven;1
Hail! Thou Living Bread;1
Hark! A Herald Voice Is Calling;1
Hark! The Sound Of Holy Voices;1
Hark! The Voice;1
Here, O My Lord, I See Thee Face To Face;1
Holy God, We Praise Thy Name;1
Holy! Holy! Holy! Holy!;1
Holy, Holy, Holy!;1
Holy Spirit, Truth Divine;1
How Pure And Frail And White;1
If Ye Love Me;1
Immaculate Mary;1
In His Temple Now Behold Him;1
In The Lord's Atoning Grief;1
Jesus, Gentle Saviour;1
Jesus, Good Above All Others;1
Jesus, Jesus, Come To Me;1
Jesus, Let Me Come To You;1
Jesus, Lord, Be Thou My Own;1
Jesus, My Lord, My God, My All;1
Jesus, Name Of Wondrous Love;1
Jesus, Thou Art Coming;1
Joy To The World! The Lord Is Come;1
Let All Mortal Flesh Keep Silence;1
Lift Up Your Heads, Ye Mighty Gates;1
Light's Abode, Celestial Salem;1
Like The Dawning Of The Morning;1
Lo! He Comes, With Cloud Descending;1
Lo, He Comes, With Clouds Descending;1
Lo! How She Brings Life With Her;1
Look, Ye Saints;1
Lord, God Of Morning And Of Night;1
Lord Of Our Life;1
Love Divine, All Loves Excelling;1
Mother Dearest, Mother Fairest;1
Mother Dear, O Pray For Me;1
Mother Of Mercy, Peace And Love;1
My God, Accept My Heart This Day;1
Now My Tongue, The Mystery Telling;1
O Blessed Trinity;1
O Bread Of Heaven;1
O Bread Of Heaven;1
O Christ, Our True And Only Light;1
O Christ The King, The Banners Rise;1
O Come, All Ye Faithful;1
O Come, O Come, Emmanuel;1
O Father, All-Creating;1
O God Of Earth And Altar;1
O God, Thy Soldiers' Crown And Guard;1
O Holy Spirit, Lord Of Grace;1
O Jesus Joy Of Loving Hearts;1
O Jesus, Lord, Most Mighty King;1
O Lamb Of God, Still Keep Me;1
O Lord, I Am Not Worthy;1
O Love, How Deep, How Broad, How High;1
O Love Of God, How Strong And True;1
Once In Royal David's City;1
Only-Begotten, Word Of God Eternal;1
On This Day, O Beautiful Mother;1
O Sacrament Most Holy;1
O Sacred Head, Sore Wounded;1
O Saving Victim;1
O Sons And Daughters;1
O Splendor Of God's Glory Bright;1
O Taste And You Will See;1
O Thou Immortal Light Divine;1
O Trinity Of Blessed Light;1
Peace, Perfect Peace;1
Praised Be Jesus Christ, Our King;1
Praise, My Soul, The King Of Heaven;1
Praise To The Lord;1
Round The Lord, In Glory Seated;1
See, Amid The Winter's Snow;1
Silent Night, Holy Night;1
Sing Praise To God Who Reigns Above;1
Sing We Triumphant Hymns Of Praise;1
Song Of The Angelicals;1
Songs Of Thankfulness And Praise;1
Soul Of My Savior;1
Soul Of My Savior;1
Sweet Is The Work;1
Sweet Sacrament Divine;1
Take Up Thy Cross, The Savior Said;1
The Eternal Gifts Of Christ The King;1
The Eyes Of All Hope In The Lord;1
The Great Forerunner Of The World;1
The King Of Love;1
The Lamb's High Banquet;1
There Is A Green Hill Far Away;1
Thus Angel's Bread Is Made;1
Thy Kingdom Come, O King Of Earth;1
Virgin-Born, We Kneel Before Thee;1
Virgin Wholly, Marvelous;1
Wake, Awake, For Night Is Flying;1
We Believe In One True God;1
We Shall Walk Through The Valley In Peace;1
What Various Hindrances We Meet;1
When I survey Wondrous Cross;1
When I survey Wondrous Cross;1
Who Are These Like Stars Appearing;1
Wondrous Gift!;1
Word Of God To Earth Descending;1
Worship The Lord In The Beauty Of Holiness;1
You Are The Way;1
